"species","stressor","trial","dose","rep","response"
"Tomato","NaCl","1",0,1,104.566929418195
"Tomato","NaCl","1",0,2,102.265213940889
"Tomato","NaCl","1",25,1,89.7515776684261
"Tomato","NaCl","1",25,2,78.1263396420969
"Tomato","NaCl","1",50,1,77.7289987905174
"Tomato","NaCl","1",50,2,85.7313099248292
"Tomato","NaCl","1",100,1,42.7772852237799
"Tomato","NaCl","1",100,2,61.5060620465001
"Tomato","NaCl","1",200,1,38.680819482802
"Tomato","NaCl","1",200,2,31.0800072130239
"Tomato","NaCl","1",400,1,13.8937553364988
"Tomato","NaCl","1",400,2,16.4159686804963
"Tomato","NaCl","1",800,1,14.1411734273108
"Tomato","NaCl","1",800,2,19.8246892700928
"Tomato","NaCl","2",0,1,107.538165375856
"Tomato","NaCl","2",0,2,102.10071793545
"Tomato","NaCl","2",25,1,89.1384468874331
"Tomato","NaCl","2",25,2,97.3620128359241
"Tomato","NaCl","2",50,1,61.7956500855278
"Tomato","NaCl","2",50,2,61.4368799908127
"Tomato","NaCl","2",100,1,50.2643944119409
"Tomato","NaCl","2",100,2,42.3748791611674
"Tomato","NaCl","2",200,1,34.931887732843
"Tomato","NaCl","2",200,2,19.7338386616079
"Tomato","NaCl","2",400,1,9.34861331853312
"Tomato","NaCl","2",400,2,26.1076061664706
"Tomato","NaCl","2",800,1,7.41797725199938
"Tomato","NaCl","2",800,2,9.33288446534874
"Tomato","NaCl","3",0,1,100.144920524652
"Tomato","NaCl","3",0,2,100.85271156292
"Tomato","NaCl","3",25,1,88.6165741196905
"Tomato","NaCl","3",25,2,88.9476720659724
"Tomato","NaCl","3",50,1,78.4416457058645
"Tomato","NaCl","3",50,2,82.1510947255827
"Tomato","NaCl","3",100,1,53.206723302475
"Tomato","NaCl","3",100,2,57.9120221146579
"Tomato","NaCl","3",200,1,43.2341465415201
"Tomato","NaCl","3",200,2,38.4845831833984
"Tomato","NaCl","3",400,1,20.7310909489473
"Tomato","NaCl","3",400,2,19.8848221365807
"Tomato","NaCl","3",800,1,1.02404366397686
"Tomato","NaCl","3",800,2,9.66120183777013
"Tomato","PEG","1",0,1,98.9009675554267
"Tomato","PEG","1",0,2,96.9855070892422
"Tomato","PEG","1",2.5,1,99.4415406958361
"Tomato","PEG","1",2.5,2,92.7816534009596
"Tomato","PEG","1",5,1,92.1466097998689
"Tomato","PEG","1",5,2,76.1664521724162
"Tomato","PEG","1",10,1,52.2919065573529
"Tomato","PEG","1",10,2,47.9057760602737
"Tomato","PEG","1",15,1,34.0128855968642
"Tomato","PEG","1",15,2,33.721801994653
"Tomato","PEG","1",20,1,43.4823357412548
"Tomato","PEG","1",20,2,23.4908609897794
"Tomato","PEG","1",25,1,10.2817409569627
"Tomato","PEG","1",25,2,29.40584414975
"Tomato","PEG","2",0,1,98.173833655995
"Tomato","PEG","2",0,2,96.7393813477425
"Tomato","PEG","2",2.5,1,93.5999193039645
"Tomato","PEG","2",2.5,2,94.7829667114475
"Tomato","PEG","2",5,1,80.2931952491259
"Tomato","PEG","2",5,2,81.2802609740988
"Tomato","PEG","2",10,1,69.1677535325456
"Tomato","PEG","2",10,2,53.2536976831346
"Tomato","PEG","2",15,1,37.2492157568158
"Tomato","PEG","2",15,2,52.5967066015917
"Tomato","PEG","2",20,1,28.5431098135247
"Tomato","PEG","2",20,2,26.4541545729167
"Tomato","PEG","2",25,1,20.5470016158334
"Tomato","PEG","2",25,2,15.0489769257784
"Tomato","PEG","3",0,1,100.096777262595
"Tomato","PEG","3",0,2,95.0328904297677
"Tomato","PEG","3",2.5,1,92.1658478418625
"Tomato","PEG","3",2.5,2,101.233680496625
"Tomato","PEG","3",5,1,88.1198822955851
"Tomato","PEG","3",5,2,80.8228499284601
"Tomato","PEG","3",10,1,61.6748157126111
"Tomato","PEG","3",10,2,68.0580112404946
"Tomato","PEG","3",15,1,47.5049466691693
"Tomato","PEG","3",15,2,35.1801150611292
"Tomato","PEG","3",20,1,33.1464655681313
"Tomato","PEG","3",20,2,41.1708394639044
"Tomato","PEG","3",25,1,28.6313491517566
"Tomato","PEG","3",25,2,16.6866303977886
"Tomato","Zn","1",0,1,100.886134714669
"Tomato","Zn","1",0,2,98.6030801936594
"Tomato","Zn","1",25,1,95.362656867806
"Tomato","Zn","1",25,2,99.5416207545686
"Tomato","Zn","1",50,1,88.817824079764
"Tomato","Zn","1",50,2,96.2719622495653
"Tomato","Zn","1",100,1,92.5494938255301
"Tomato","Zn","1",100,2,67.2101634583997
"Tomato","Zn","1",250,1,62.2873590201205
"Tomato","Zn","1",250,2,55.2083650631798
"Tomato","Zn","1",500,1,26.9187416959751
"Tomato","Zn","1",500,2,40.4501670668518
"Tomato","Zn","1",1000,1,10.8305583433804
"Tomato","Zn","1",1000,2,6.72206883054285
"Tomato","Zn","2",0,1,104.956358997935
"Tomato","Zn","2",0,2,99.1705998340993
"Tomato","Zn","2",25,1,99.1565124483239
"Tomato","Zn","2",25,2,101.303058912532
"Tomato","Zn","2",50,1,89.227096904265
"Tomato","Zn","2",50,2,96.6313026629265
"Tomato","Zn","2",100,1,79.421491061384
"Tomato","Zn","2",100,2,77.7665795464095
"Tomato","Zn","2",250,1,59.2130375625173
"Tomato","Zn","2",250,2,45.9613834941241
"Tomato","Zn","2",500,1,30.2931159598442
"Tomato","Zn","2",500,2,39.878759507988
"Tomato","Zn","2",1000,1,18.9389171775339
"Tomato","Zn","2",1000,2,25.8487258045734
"Tomato","Zn","3",0,1,96.3955628919157
"Tomato","Zn","3",0,2,99.6832037265932
"Tomato","Zn","3",25,1,97.6071120706468
"Tomato","Zn","3",25,2,98.9017703412283
"Tomato","Zn","3",50,1,94.9258979370138
"Tomato","Zn","3",50,2,89.7997716195194
"Tomato","Zn","3",100,1,84.111280384943
"Tomato","Zn","3",100,2,84.8323051464706
"Tomato","Zn","3",250,1,63.8708186823488
"Tomato","Zn","3",250,2,54.484877674244
"Tomato","Zn","3",500,1,13.6030148543464
"Tomato","Zn","3",500,2,34.4072354576381
"Tomato","Zn","3",1000,1,10.3876265424059
"Tomato","Zn","3",1000,2,28.1485411091107
"Cress","NaCl","1",0,1,94.6913757804053
"Cress","NaCl","1",0,2,100.395625323184
"Cress","NaCl","1",25,1,89.33914639543
"Cress","NaCl","1",25,2,92.3661912640752
"Cress","NaCl","1",50,1,78.7713459170296
"Cress","NaCl","1",50,2,84.9362458841265
"Cress","NaCl","1",100,1,73.1096312079351
"Cress","NaCl","1",100,2,70.8529538955722
"Cress","NaCl","1",200,1,42.2456620437672
"Cress","NaCl","1",200,2,71.4184224979512
"Cress","NaCl","1",400,1,32.9025536866133
"Cress","NaCl","1",400,2,27.8350652971175
"Cress","NaCl","1",800,1,19.6062089739949
"Cress","NaCl","1",800,2,24.2960154369216
"Cress","NaCl","2",0,1,100.063293665136
"Cress","NaCl","2",0,2,96.7295329379532
"Cress","NaCl","2",25,1,91.5411314248144
"Cress","NaCl","2",25,2,93.0372236974887
"Cress","NaCl","2",50,1,88.1238915117203
"Cress","NaCl","2",50,2,82.7617035893478
"Cress","NaCl","2",100,1,67.2817627847484
"Cress","NaCl","2",100,2,78.7220402212321
"Cress","NaCl","2",200,1,65.9098928417714
"Cress","NaCl","2",200,2,58.1999368950437
"Cress","NaCl","2",400,1,35.3148894746468
"Cress","NaCl","2",400,2,27.1206718579643
"Cress","NaCl","2",800,1,25.1659639555974
"Cress","NaCl","2",800,2,28.0390631505703
"Cress","NaCl","3",0,1,95.5275427782747
"Cress","NaCl","3",0,2,99.6364924446678
"Cress","NaCl","3",25,1,90.448728307468
"Cress","NaCl","3",25,2,88.5764356357431
"Cress","NaCl","3",50,1,86.8779863598785
"Cress","NaCl","3",50,2,78.8648499251009
"Cress","NaCl","3",100,1,73.8223980092391
"Cress","NaCl","3",100,2,70.6767880802586
"Cress","NaCl","3",200,1,55.5045267036095
"Cress","NaCl","3",200,2,59.5015500900819
"Cress","NaCl","3",400,1,21.3329748688574
"Cress","NaCl","3",400,2,40.990281991739
"Cress","NaCl","3",800,1,29.2843116407425
"Cress","NaCl","3",800,2,15.1823068010682
"Cress","PEG","1",0,1,101.088600960064
"Cress","PEG","1",0,2,98.5561873401639
"Cress","PEG","1",2.5,1,95.1475251576186
"Cress","PEG","1",2.5,2,93.2679015554389
"Cress","PEG","1",5,1,94.757255876682
"Cress","PEG","1",5,2,91.4477831457904
"Cress","PEG","1",10,1,70.5711102503966
"Cress","PEG","1",10,2,49.3612693069261
"Cress","PEG","1",15,1,52.8520173315143
"Cress","PEG","1",15,2,51.1474361381851
"Cress","PEG","1",20,1,31.6880098989816
"Cress","PEG","1",20,2,41.9324791280227
"Cress","PEG","1",25,1,24.0671869661175
"Cress","PEG","1",25,2,25.9486523878386
"Cress","PEG","2",0,1,101.541264484285
"Cress","PEG","2",0,2,99.8947244100686
"Cress","PEG","2",2.5,1,97.6451579582463
"Cress","PEG","2",2.5,2,98.9547638212687
"Cress","PEG","2",5,1,87.0453064729613
"Cress","PEG","2",5,2,85.9947742558857
"Cress","PEG","2",10,1,82.6801659296979
"Cress","PEG","2",10,2,83.7440772120665
"Cress","PEG","2",15,1,61.9725658201375
"Cress","PEG","2",15,2,56.1340735503386
"Cress","PEG","2",20,1,51.3481662887171
"Cress","PEG","2",20,2,37.6436054031851
"Cress","PEG","2",25,1,50.5213629246475
"Cress","PEG","2",25,2,40.0155407385663
"Cress","PEG","3",0,1,98.043483811786
"Cress","PEG","3",0,2,107.862120802658
"Cress","PEG","3",2.5,1,93.162839019408
"Cress","PEG","3",2.5,2,100.474209416687
"Cress","PEG","3",5,1,91.2013301891637
"Cress","PEG","3",5,2,96.0924601144913
"Cress","PEG","3",10,1,83.3692833126899
"Cress","PEG","3",10,2,92.2160168754857
"Cress","PEG","3",15,1,73.50857685951
"Cress","PEG","3",15,2,66.5161762209875
"Cress","PEG","3",20,1,55.9385909661248
"Cress","PEG","3",20,2,39.6829408776072
"Cress","PEG","3",25,1,44.1038400135261
"Cress","PEG","3",25,2,61.5839614938127
"Cress","Zn","1",0,1,88.9880971186395
"Cress","Zn","1",0,2,106.799392489116
"Cress","Zn","1",25,1,95.7124401881997
"Cress","Zn","1",25,2,88.3436285615186
"Cress","Zn","1",50,1,89.8477730024231
"Cress","Zn","1",50,2,79.6887903332038
"Cress","Zn","1",100,1,29.1270223810238
"Cress","Zn","1",100,2,53.981913986886
"Cress","Zn","1",250,1,14.9303195426638
"Cress","Zn","1",250,2,11.6622974251336
"Cress","Zn","1",500,1,0.87095302288407
"Cress","Zn","1",500,2,2.16850544419457
"Cress","Zn","1",1000,1,0
"Cress","Zn","1",1000,2,6.98526443051126
"Cress","Zn","2",0,1,102.840887540349
"Cress","Zn","2",0,2,98.236458445212
"Cress","Zn","2",25,1,86.8605180976141
"Cress","Zn","2",25,2,90.0261620337854
"Cress","Zn","2",50,1,61.3392011020929
"Cress","Zn","2",50,2,88.2895048396675
"Cress","Zn","2",100,1,41.4255029159454
"Cress","Zn","2",100,2,34.0492004328076
"Cress","Zn","2",250,1,13.5204000025986
"Cress","Zn","2",250,2,2.71013311142955
"Cress","Zn","2",500,1,13.4606116342327
"Cress","Zn","2",500,2,14.3830719571816
"Cress","Zn","2",1000,1,5.75572152468225
"Cress","Zn","2",1000,2,15.0887497069025
"Cress","Zn","3",0,1,95.2558613083087
"Cress","Zn","3",0,2,97.6070783750676
"Cress","Zn","3",25,1,96.1369385202035
"Cress","Zn","3",25,2,98.1090528297692
"Cress","Zn","3",50,1,70.1544872229293
"Cress","Zn","3",50,2,65.7328365468721
"Cress","Zn","3",100,1,33.9116991028756
"Cress","Zn","3",100,2,43.7003043251914
"Cress","Zn","3",250,1,25.3526778048362
"Cress","Zn","3",250,2,23.1147877191381
"Cress","Zn","3",500,1,8.33941156682724
"Cress","Zn","3",500,2,5.05790764805236
"Cress","Zn","3",1000,1,5.12907582094263
"Cress","Zn","3",1000,2,0
